Year,CityU,HKBU,LU,CUHK,HKIEd (EduHK),PolyU,HKUST,HKU
2015,0.00%,0.00%,0.00%,100.00%,0.00%,50.00%,100.00%,0.00%
2016,50.00%,0.00%,0.00%,33.33%,0.00%,25.00%,0.00%,100.00%
2017,33.33%,50.00%,0.00%,100.00%,0.00%,40.00%,25.00%,0.00%
2018,100.00%,0.00%,0.00%,100.00%,0.00%,0.00%,100.00%,100.00%
2019,100.00%,33.33%,0.00%,100.00%,0.00%,0.00%,0.00%,0.00%
2020,66.67%,40.00%,0.00%,33.33%,0.00%,0.00%,50.00%,20.00%
2021,20.00%,0.00%,0.00%,50.00%,0.00%,57.14%,50.00%,50.00%
2022,22.22%,40.00%,0.00%,0.00%,0.00%,100.00%,25.00%,22.22%
2023,22.22%,60.00%,50.00%,40.00%,0.00%,100.00%,0.00%,11.11%
